#,FANLI_S08V2,2021.12.14 15:43:20,V1.0
Block,PowerBlock,DC_VDDL_VIHLR_VOHLS_IOHLS
#,Signal,State,Mode,Force,Range,Clamp L,Clamp H,Clamp Delay,Decoupling,Resistance,Setup Order,Setup Delay,Trise
Power,BOOST_LX,Off,DFV,0V,25mA,-25mA,25mA,0ms,0nF,0Ohm,0,5ms,200us
Power,PMU_REFBP,Off,DFV,0V,25mA,-25mA,25mA,0ms,0nF,0Ohm,0,5ms,200us
Power,PMUVCC12,Off,DFV,0V,25mA,-25mA,25mA,0ms,0nF,0Ohm,0,5ms,200us
Power,PMUVCC3,Off,DFV,0V,25mA,-25mA,25mA,0ms,0nF,0Ohm,0,5ms,200us
Power,SIMVCC1,Off,DFV,0V,25mA,-25mA,25mA,0ms,0nF,0Ohm,0,5ms,200us
Power,SIMVCC2,Off,DFV,0V,25mA,-25mA,25mA,0ms,0nF,0Ohm,0,5ms,200us
Power,SIMVCC3,Off,DFV,0V,25mA,-25mA,25mA,0ms,0nF,0Ohm,0,5ms,200us
Power,VBAT,On,DFV,3.7V*Vcoef,BestFit,-200mA,200mA,0ms,0nF,0Ohm,0,5ms,200us
Power,VDD_PMU_AIOLDO,On,DFV,1.8*0.9V*Vcoef,BestFit,-200mA,200mA,0ms,0nF,0Ohm,0,5ms,200us
Power,VDD_PMU_CLDO,On,DFV,1.1*0.9V*Vcoef,BestFit,-200mA,200mA,0ms,0nF,0Ohm,0,5ms,200us
Power,VDD_PMU_SYSLDO,On,DFV,1.1*0.9V*Vcoef,BestFit,-200mA,200mA,0ms,0nF,0Ohm,0,5ms,200us
Power,VDDBOOST,Off,DFV,0V,25mA,-25mA,25mA,0ms,0nF,0Ohm,0,5ms,200us
Power,VDDIO,On,DFV,1.8*0.9V*Vcoef,BestFit,-200mA,200mA,0ms,0nF,0Ohm,0,5ms,200us
Power,VDDPA,Off,DFV,0V,25mA,-25mA,25mA,0ms,0nF,0Ohm,0,5ms,200us
Block,PowerBlock,DC_VDDH_VIHLR_VOHLR_IOHLR
#,Signal,State,Mode,Force,Range,Clamp L,Clamp H,Clamp Delay,Decoupling,Resistance,Setup Order,Setup Delay,Trise
Power,BOOST_LX,Off,DFV,0V,25mA,-25mA,25mA,0ms,0nF,0Ohm,0,5ms,200us
Power,PMU_REFBP,Off,DFV,0V,25mA,-25mA,25mA,0ms,0nF,0Ohm,0,5ms,200us
Power,PMUVCC12,Off,DFV,0V,25mA,-25mA,25mA,0ms,0nF,0Ohm,0,5ms,200us
Power,PMUVCC3,Off,DFV,0V,25mA,-25mA,25mA,0ms,0nF,0Ohm,0,5ms,200us
Power,SIMVCC1,Off,DFV,0V,25mA,-25mA,25mA,0ms,0nF,0Ohm,0,5ms,200us
Power,SIMVCC2,Off,DFV,0V,25mA,-25mA,25mA,0ms,0nF,0Ohm,0,5ms,200us
Power,SIMVCC3,Off,DFV,0V,25mA,-25mA,25mA,0ms,0nF,0Ohm,0,5ms,200us
Power,VBAT,On,DFV,3.7V*Vcoef,BestFit,-200mA,200mA,0ms,0nF,0Ohm,0,5ms,200us
Power,VDD_PMU_AIOLDO,On,DFV,1.8*1.1V*Vcoef,BestFit,-200mA,200mA,0ms,0nF,0Ohm,0,5ms,200us
Power,VDD_PMU_CLDO,On,DFV,1.1*1.1V*Vcoef,BestFit,-200mA,200mA,0ms,0nF,0Ohm,0,5ms,200us
Power,VDD_PMU_SYSLDO,On,DFV,1.1*1.1V*Vcoef,BestFit,-200mA,200mA,0ms,0nF,0Ohm,0,5ms,200us
Power,VDDBOOST,Off,DFV,0V,25mA,-25mA,25mA,0ms,0nF,0Ohm,0,5ms,200us
Power,VDDIO,On,DFV,1.8*1.1V*Vcoef,BestFit,-200mA,200mA,0ms,0nF,0Ohm,0,5ms,200us
Power,VDDPA,Off,DFV,0V,25mA,-25mA,25mA,0ms,0nF,0Ohm,0,5ms,200us
Block,PowerBlock,IOZ_VDDN_VIHLR_VOHLR_IOHLS
#,Signal,State,Mode,Force,Range,Clamp L,Clamp H,Clamp Delay,Decoupling,Resistance,Setup Order,Setup Delay,Trise
Power,BOOST_LX,Off,DFV,0V,25mA,-25mA,25mA,0ms,0nF,0Ohm,0,5ms,200us
Power,PMU_REFBP,Off,DFV,0V,25mA,-25mA,25mA,0ms,0nF,0Ohm,0,5ms,200us
Power,PMUVCC12,Off,DFV,0V,25mA,-25mA,25mA,0ms,0nF,0Ohm,0,5ms,200us
Power,PMUVCC3,Off,DFV,0V,25mA,-25mA,25mA,0ms,0nF,0Ohm,0,5ms,200us
Power,SIMVCC1,Off,DFV,0V,25mA,-25mA,25mA,0ms,0nF,0Ohm,0,5ms,200us
Power,SIMVCC2,Off,DFV,0V,25mA,-25mA,25mA,0ms,0nF,0Ohm,0,5ms,200us
Power,SIMVCC3,Off,DFV,0V,25mA,-25mA,25mA,0ms,0nF,0Ohm,0,5ms,200us
Power,VBAT,On,DFV,3.7V*Vcoef,BestFit,-200mA,200mA,0ms,0nF,0Ohm,0,5ms,200us
Power,VDD_PMU_AIOLDO,On,DFV,1.8V*Vcoef,BestFit,-200mA,200mA,0ms,0nF,0Ohm,0,5ms,200us
Power,VDD_PMU_CLDO,On,DFV,1.1V*Vcoef,BestFit,-200mA,200mA,0ms,0nF,0Ohm,0,5ms,200us
Power,VDD_PMU_SYSLDO,On,DFV,1.1V*Vcoef,BestFit,-200mA,200mA,0ms,0nF,0Ohm,0,5ms,200us
Power,VDDBOOST,Off,DFV,0V,25mA,-25mA,25mA,0ms,0nF,0Ohm,0,5ms,200us
Power,VDDIO,On,DFV,1.8V*Vcoef,BestFit,-200mA,200mA,0ms,0nF,0Ohm,0,5ms,200us
Power,VDDPA,Off,DFV,0V,25mA,-25mA,25mA,0ms,0nF,0Ohm,0,5ms,200us
Block,PowerBlock,IOZ_VDDH_VIHLR_VOHLR_IOHLS
#,Signal,State,Mode,Force,Range,Clamp L,Clamp H,Clamp Delay,Decoupling,Resistance,Setup Order,Setup Delay,Trise
Power,BOOST_LX,Off,DFV,0V,25mA,-25mA,25mA,0ms,0nF,0Ohm,0,5ms,200us
Power,PMU_REFBP,Off,DFV,0V,25mA,-25mA,25mA,0ms,0nF,0Ohm,0,5ms,200us
Power,PMUVCC12,Off,DFV,0V,25mA,-25mA,25mA,0ms,0nF,0Ohm,0,5ms,200us
Power,PMUVCC3,Off,DFV,0V,25mA,-25mA,25mA,0ms,0nF,0Ohm,0,5ms,200us
Power,SIMVCC1,Off,DFV,0V,25mA,-25mA,25mA,0ms,0nF,0Ohm,0,5ms,200us
Power,SIMVCC2,Off,DFV,0V,25mA,-25mA,25mA,0ms,0nF,0Ohm,0,5ms,200us
Power,SIMVCC3,Off,DFV,0V,25mA,-25mA,25mA,0ms,0nF,0Ohm,0,5ms,200us
Power,VBAT,On,DFV,3.7V*Vcoef,BestFit,-200mA,200mA,0ms,0nF,0Ohm,0,5ms,200us
Power,VDD_PMU_AIOLDO,On,DFV,1.8*1.1V*Vcoef,BestFit,-200mA,200mA,0ms,0nF,0Ohm,0,5ms,200us
Power,VDD_PMU_CLDO,On,DFV,1.1*1.1V*Vcoef,BestFit,-200mA,200mA,0ms,0nF,0Ohm,0,5ms,200us
Power,VDD_PMU_SYSLDO,On,DFV,1.1*1.1V*Vcoef,BestFit,-200mA,200mA,0ms,0nF,0Ohm,0,5ms,200us
Power,VDDBOOST,Off,DFV,0V,25mA,-25mA,25mA,0ms,0nF,0Ohm,0,5ms,200us
Power,VDDIO,On,DFV,1.8*1.1V*Vcoef,BestFit,-200mA,200mA,0ms,0nF,0Ohm,0,5ms,200us
Power,VDDPA,Off,DFV,0V,25mA,-25mA,25mA,0ms,0nF,0Ohm,0,5ms,200us
Block,PowerBlock,DFT_MODE_STEP2
#,Signal,State,Mode,Force,Range,Clamp L,Clamp H,Clamp Delay,Decoupling,Resistance,Setup Order,Setup Delay,Trise
Power,BOOST_LX,On,DFV,0V,BestFit,-800mA,800mA,0ms,0nF,0Ohm,0,5ms,200us
Power,PMU_REFBP,Off,DFV,0V,25mA,-25mA,25mA,0ms,0nF,0Ohm,0,5ms,200us
Power,PMUVCC12,On,DFV,0V,BestFit,-200mA,200mA,0ms,0nF,0Ohm,0,5ms,200us
Power,PMUVCC3,Off,DFV,0V,25mA,-25mA,25mA,0ms,0nF,0Ohm,0,5ms,200us
Power,SIMVCC1,Off,DFV,0V,25mA,-25mA,25mA,0ms,0nF,0Ohm,0,5ms,200us
Power,SIMVCC2,Off,DFV,0V,25mA,-25mA,25mA,0ms,0nF,0Ohm,0,5ms,200us
Power,SIMVCC3,Off,DFV,0V,25mA,-25mA,25mA,0ms,0nF,0Ohm,0,5ms,200us
Power,VBAT,On,DFV,0V,BestFit,-200mA,200mA,0ms,0nF,0Ohm,0,5ms,200us
Power,VDD_PMU_AIOLDO,Off,DFV,0V,25mA,-25mA,25mA,0ms,0nF,0Ohm,0,5ms,200us
Power,VDD_PMU_CLDO,Off,DFV,0V,25mA,-25mA,25mA,0ms,0nF,0Ohm,0,5ms,200us
Power,VDD_PMU_SYSLDO,Off,DFV,0V,25mA,-25mA,25mA,0ms,0nF,0Ohm,0,5ms,200us
Power,VDDBOOST,On,DFV,0V,BestFit,-200mA,200mA,0ms,0nF,0Ohm,0,5ms,200us
Power,VDDIO,On,DFV,0V,BestFit,-200mA,200mA,0ms,0nF,0Ohm,0,5ms,200us
Power,VDDPA,Off,DFV,0V,25mA,-25mA,25mA,0ms,0nF,0Ohm,0,5ms,200us
Block,PowerBlock,DFT_EXIT_STEP1
#,Signal,State,Mode,Force,Range,Clamp L,Clamp H,Clamp Delay,Decoupling,Resistance,Setup Order,Setup Delay,Trise
Power,BOOST_LX,Off,DFV,0V,25mA,-25mA,25mA,0ms,0nF,0Ohm,0,5ms,200us
Power,PMU_REFBP,Off,DFV,0V,25mA,-25mA,25mA,0ms,0nF,0Ohm,0,5ms,200us
Power,PMUVCC12,Off,DFV,0V,25mA,-25mA,25mA,0ms,0nF,0Ohm,0,5ms,200us
Power,PMUVCC3,Off,DFV,0V,25mA,-25mA,25mA,0ms,0nF,0Ohm,0,5ms,200us
Power,SIMVCC1,Off,DFV,0V,25mA,-25mA,25mA,0ms,0nF,0Ohm,0,5ms,200us
Power,SIMVCC2,Off,DFV,0V,25mA,-25mA,25mA,0ms,0nF,0Ohm,0,5ms,200us
Power,SIMVCC3,Off,DFV,0V,25mA,-25mA,25mA,0ms,0nF,0Ohm,0,5ms,200us
Power,VBAT,On,DFV,3.7V*Vcoef,BestFit,-200mA,200mA,0ms,0nF,0Ohm,0,5ms,200us
Power,VDD_PMU_AIOLDO,On,DFV,1.8V*Vcoef,BestFit,-200mA,200mA,0ms,0nF,0Ohm,0,5ms,200us
Power,VDD_PMU_CLDO,On,DFV,1.1V*Vcoef,BestFit,-200mA,200mA,0ms,0nF,0Ohm,0,5ms,200us
Power,VDD_PMU_SYSLDO,On,DFV,1.1V*Vcoef,BestFit,-200mA,200mA,0ms,0nF,0Ohm,0,5ms,200us
Power,VDDBOOST,Off,DFV,0V,25mA,-25mA,25mA,0ms,0nF,0Ohm,0,5ms,200us
Power,VDDIO,On,DFV,1.8V*Vcoef,BestFit,-200mA,200mA,0ms,0nF,0Ohm,0,5ms,200us
Power,VDDPA,Off,DFV,0V,25mA,-25mA,25mA,0ms,0nF,0Ohm,0,5ms,200us
Block,PowerBlock,DFT_EXIT_STEP2
#,Signal,State,Mode,Force,Range,Clamp L,Clamp H,Clamp Delay,Decoupling,Resistance,Setup Order,Setup Delay,Trise
Power,BOOST_LX,Off,DFV,0V,25mA,-25mA,25mA,0ms,0nF,0Ohm,0,5ms,200us
Power,PMU_REFBP,Off,DFV,0V,25mA,-25mA,25mA,0ms,0nF,0Ohm,0,5ms,200us
Power,PMUVCC12,Off,DFV,0V,25mA,-25mA,25mA,0ms,0nF,0Ohm,0,5ms,200us
Power,PMUVCC3,Off,DFV,0V,25mA,-25mA,25mA,0ms,0nF,0Ohm,0,5ms,200us
Power,SIMVCC1,Off,DFV,0V,25mA,-25mA,25mA,0ms,0nF,0Ohm,0,5ms,200us
Power,SIMVCC2,Off,DFV,0V,25mA,-25mA,25mA,0ms,0nF,0Ohm,0,5ms,200us
Power,SIMVCC3,Off,DFV,0V,25mA,-25mA,25mA,0ms,0nF,0Ohm,0,5ms,200us
Power,VBAT,On,DFV,0V*Vcoef,BestFit,-200mA,200mA,0ms,0nF,0Ohm,0,5ms,200us
Power,VDD_PMU_AIOLDO,On,DFV,0V*Vcoef,BestFit,-200mA,200mA,0ms,0nF,0Ohm,0,5ms,200us
Power,VDD_PMU_CLDO,On,DFV,0V*Vcoef,BestFit,-200mA,200mA,0ms,0nF,0Ohm,0,5ms,200us
Power,VDD_PMU_SYSLDO,On,DFV,0V*Vcoef,BestFit,-200mA,200mA,0ms,0nF,0Ohm,0,5ms,200us
Power,VDDBOOST,Off,DFV,0V,25mA,-25mA,25mA,0ms,0nF,0Ohm,0,5ms,200us
Power,VDDIO,On,DFV,0V*Vcoef,BestFit,-200mA,200mA,0ms,0nF,0Ohm,0,5ms,200us
Power,VDDPA,Off,DFV,0V,25mA,-25mA,25mA,0ms,0nF,0Ohm,0,5ms,200us
Block,PowerBlock,OS
#,Signal,State,Mode,Force,Range,Clamp L,Clamp H,Clamp Delay,Decoupling,Resistance,Setup Order,Setup Delay,Trise
Power,BOOST_LX,On,DFV,0.0V*Vcoef,BestFit,-600mA,600mA,0,0nF,0Ohm,0,0,200us
Power,PMU_REFBP,Off,DFV,0.0V*Vcoef,250uA,-100uA,100uA,0,0nF,0Ohm,0,0,200us
Power,PMUVCC12,On,DFV,0.0V*Vcoef,BestFit,-2mA,2mA,0,0nF,0Ohm,0,0,200us
Power,PMUVCC3,Off,DFV,0.0V*Vcoef,250uA,-100uA,100uA,0,0nF,0Ohm,0,0,200us
Power,SIMVCC1,Off,DFV,0.0V*Vcoef,250uA,-100uA,100uA,0,0nF,0Ohm,0,0,200us
Power,SIMVCC2,Off,DFV,0.0V*Vcoef,250uA,-100uA,100uA,0,0nF,0Ohm,0,0,200us
Power,SIMVCC3,Off,DFV,0.0V*Vcoef,250uA,-100uA,100uA,0,0nF,0Ohm,0,0,200us
Power,VBAT,On,DFV,0.0V*Vcoef,BestFit,-2mA,2mA,0,0nF,0Ohm,0,0,200us
Power,VDD_PMU_AIOLDO,On,DFV,0.0V*Vcoef,BestFit,-2mA,2mA,0,0nF,0Ohm,0,0,200us
Power,VDD_PMU_CLDO,Off,DFV,0.0V*Vcoef,250uA,-100uA,100uA,0,0nF,0Ohm,0,0,200us
Power,VDD_PMU_SYSLDO,Off,DFV,0.0V*Vcoef,250uA,-100uA,100uA,0,0nF,0Ohm,0,0,200us
Power,VDDBOOST,Off,DFV,0.0V*Vcoef,250uA,-100uA,100uA,0,0nF,0Ohm,0,0,200us
Power,VDDIO,On,DFV,0.0V*Vcoef,BestFit,-2mA,2mA,0,0nF,0Ohm,0,0,200us
Power,VDDPA,On,DFV,0.0V*Vcoef,BestFit,-2mA,2mA,0,0nF,0Ohm,0,0,200us
Block,PowerBlock,MBIST_540ns_VDDH_VIHLR_VOHLR_IOHLR_CASE1
#,Signal,State,Mode,Force,Range,Clamp L,Clamp H,Clamp Delay,Decoupling,Resistance,Setup Order,Setup Delay,Trise
Power,BOOST_LX,Off,DFV,0V,25mA,-25mA,25mA,0ms,0nF,0Ohm,0,5ms,200us
Power,PMU_REFBP,Off,DFV,0V,25mA,-25mA,25mA,0ms,0nF,0Ohm,0,5ms,200us
Power,PMUVCC12,Off,DFV,0V,25mA,-25mA,25mA,0ms,0nF,0Ohm,0,5ms,200us
Power,PMUVCC3,Off,DFV,0V,25mA,-25mA,25mA,0ms,0nF,0Ohm,0,5ms,200us
Power,SIMVCC1,Off,DFV,0V,25mA,-25mA,25mA,0ms,0nF,0Ohm,0,5ms,200us
Power,SIMVCC2,Off,DFV,0V,25mA,-25mA,25mA,0ms,0nF,0Ohm,0,5ms,200us
Power,SIMVCC3,Off,DFV,0V,25mA,-25mA,25mA,0ms,0nF,0Ohm,0,5ms,200us
Power,VBAT,On,DFV,3.7V*Vcoef,BestFit,-200mA,200mA,0ms,0nF,0Ohm,0,5ms,200us
Power,VDD_PMU_AIOLDO,On,DFV,1.8*1.1V*Vcoef,BestFit,-200mA,200mA,0ms,0nF,0Ohm,0,5ms,200us
Power,VDD_PMU_CLDO,On,DFV,1.1*1.1V*Vcoef,BestFit,-200mA,200mA,0ms,0nF,0Ohm,0,5ms,200us
Power,VDD_PMU_SYSLDO,On,DFV,1.1*1.1V*Vcoef,BestFit,-200mA,200mA,0ms,0nF,0Ohm,0,5ms,200us
Power,VDDBOOST,Off,DFV,0V,25mA,-25mA,25mA,0ms,0nF,0Ohm,0,5ms,200us
Power,VDDIO,On,DFV,1.8*1.1V*Vcoef,BestFit,-200mA,200mA,0ms,0nF,0Ohm,0,5ms,200us
Power,VDDPA,Off,DFV,0V,25mA,-25mA,25mA,0ms,0nF,0Ohm,0,5ms,200us
Block,PowerBlock,TRANS_VDDL_VIHLR_VOHLR_IOHLR
#,Signal,State,Mode,Force,Range,Clamp L,Clamp H,Clamp Delay,Decoupling,Resistance,Setup Order,Setup Delay,Trise
Power,BOOST_LX,Off,DFV,0V,25mA,-25mA,25mA,0ms,0nF,0Ohm,0,5ms,200us
Power,PMU_REFBP,Off,DFV,0V,25mA,-25mA,25mA,0ms,0nF,0Ohm,0,5ms,200us
Power,PMUVCC12,Off,DFV,0V,25mA,-25mA,25mA,0ms,0nF,0Ohm,0,5ms,200us
Power,PMUVCC3,Off,DFV,0V,25mA,-25mA,25mA,0ms,0nF,0Ohm,0,5ms,200us
Power,SIMVCC1,Off,DFV,0V,25mA,-25mA,25mA,0ms,0nF,0Ohm,0,5ms,200us
Power,SIMVCC2,Off,DFV,0V,25mA,-25mA,25mA,0ms,0nF,0Ohm,0,5ms,200us
Power,SIMVCC3,Off,DFV,0V,25mA,-25mA,25mA,0ms,0nF,0Ohm,0,5ms,200us
Power,VBAT,On,DFV,3.7V*Vcoef,BestFit,-200mA,200mA,0ms,0nF,0Ohm,0,5ms,200us
Power,VDD_PMU_AIOLDO,On,DFV,1.8*0.9V*Vcoef,BestFit,-200mA,200mA,0ms,0nF,0Ohm,0,5ms,200us
Power,VDD_PMU_CLDO,On,DFV,1.1*0.9V*Vcoef,BestFit,-200mA,200mA,0ms,0nF,0Ohm,0,5ms,200us
Power,VDD_PMU_SYSLDO,On,DFV,1.1*0.9V*Vcoef,BestFit,-200mA,200mA,0ms,0nF,0Ohm,0,5ms,200us
Power,VDDBOOST,Off,DFV,0V,25mA,-25mA,25mA,0ms,0nF,0Ohm,0,5ms,200us
Power,VDDIO,On,DFV,1.8*0.9V*Vcoef,BestFit,-200mA,200mA,0ms,0nF,0Ohm,0,5ms,200us
Power,VDDPA,Off,DFV,0V,25mA,-25mA,25mA,0ms,0nF,0Ohm,0,5ms,200us
Block,PowerBlock,MBIST_80ns_VDDH_VIHLR_VOHLR_IOHLR_CASE1
#,Signal,State,Mode,Force,Range,Clamp L,Clamp H,Clamp Delay,Decoupling,Resistance,Setup Order,Setup Delay,Trise
Power,BOOST_LX,Off,DFV,0V,25mA,-25mA,25mA,0ms,0nF,0Ohm,0,5ms,200us
Power,PMU_REFBP,Off,DFV,0V,25mA,-25mA,25mA,0ms,0nF,0Ohm,0,5ms,200us
Power,PMUVCC12,Off,DFV,0V,25mA,-25mA,25mA,0ms,0nF,0Ohm,0,5ms,200us
Power,PMUVCC3,Off,DFV,0V,25mA,-25mA,25mA,0ms,0nF,0Ohm,0,5ms,200us
Power,SIMVCC1,Off,DFV,0V,25mA,-25mA,25mA,0ms,0nF,0Ohm,0,5ms,200us
Power,SIMVCC2,Off,DFV,0V,25mA,-25mA,25mA,0ms,0nF,0Ohm,0,5ms,200us
Power,SIMVCC3,Off,DFV,0V,25mA,-25mA,25mA,0ms,0nF,0Ohm,0,5ms,200us
Power,VBAT,On,DFV,3.7V*Vcoef,BestFit,-200mA,200mA,0ms,0nF,0Ohm,0,5ms,200us
Power,VDD_PMU_AIOLDO,On,DFV,1.8*1.1V*Vcoef,BestFit,-200mA,200mA,0ms,0nF,0Ohm,0,5ms,200us
Power,VDD_PMU_CLDO,On,DFV,1.1*1.1V*Vcoef,BestFit,-200mA,200mA,0ms,0nF,0Ohm,0,5ms,200us
Power,VDD_PMU_SYSLDO,On,DFV,1.1*1.1V*Vcoef,BestFit,-200mA,200mA,0ms,0nF,0Ohm,0,5ms,200us
Power,VDDBOOST,Off,DFV,0V,25mA,-25mA,25mA,0ms,0nF,0Ohm,0,5ms,200us
Power,VDDIO,On,DFV,1.8*1.1V*Vcoef,BestFit,-200mA,200mA,0ms,0nF,0Ohm,0,5ms,200us
Power,VDDPA,Off,DFV,0V,25mA,-25mA,25mA,0ms,0nF,0Ohm,0,5ms,200us
Block,PowerBlock,MBIST_540ns_VDDL_VIHLR_VOHLR_IOHLR_CASE1
#,Signal,State,Mode,Force,Range,Clamp L,Clamp H,Clamp Delay,Decoupling,Resistance,Setup Order,Setup Delay,Trise
Power,BOOST_LX,Off,DFV,0V,25mA,-25mA,25mA,0ms,0nF,0Ohm,0,5ms,200us
Power,PMU_REFBP,Off,DFV,0V,25mA,-25mA,25mA,0ms,0nF,0Ohm,0,5ms,200us
Power,PMUVCC12,Off,DFV,0V,25mA,-25mA,25mA,0ms,0nF,0Ohm,0,5ms,200us
Power,PMUVCC3,Off,DFV,0V,25mA,-25mA,25mA,0ms,0nF,0Ohm,0,5ms,200us
Power,SIMVCC1,Off,DFV,0V,25mA,-25mA,25mA,0ms,0nF,0Ohm,0,5ms,200us
Power,SIMVCC2,Off,DFV,0V,25mA,-25mA,25mA,0ms,0nF,0Ohm,0,5ms,200us
Power,SIMVCC3,Off,DFV,0V,25mA,-25mA,25mA,0ms,0nF,0Ohm,0,5ms,200us
Power,VBAT,On,DFV,3.7V*Vcoef,BestFit,-200mA,200mA,0ms,0nF,0Ohm,0,5ms,200us
Power,VDD_PMU_AIOLDO,On,DFV,1.8*0.9V*Vcoef,BestFit,-200mA,200mA,0ms,0nF,0Ohm,0,5ms,200us
Power,VDD_PMU_CLDO,On,DFV,1.1*0.9V*Vcoef,BestFit,-200mA,200mA,0ms,0nF,0Ohm,0,5ms,200us
Power,VDD_PMU_SYSLDO,On,DFV,1.1*0.9V*Vcoef,BestFit,-200mA,200mA,0ms,0nF,0Ohm,0,5ms,200us
Power,VDDBOOST,Off,DFV,0V,25mA,-25mA,25mA,0ms,0nF,0Ohm,0,5ms,200us
Power,VDDIO,On,DFV,1.8*0.9V*Vcoef,BestFit,-200mA,200mA,0ms,0nF,0Ohm,0,5ms,200us
Power,VDDPA,Off,DFV,0V,25mA,-25mA,25mA,0ms,0nF,0Ohm,0,5ms,200us
Block,PowerBlock,IDDQ_20ns_VDDN_VIHLR_VOHLR_IOHLR
#,Signal,State,Mode,Force,Range,Clamp L,Clamp H,Clamp Delay,Decoupling,Resistance,Setup Order,Setup Delay,Trise
Power,BOOST_LX,Off,DFV,0V,25mA,-25mA,25mA,0ms,0nF,0Ohm,0,5ms,200us
Power,PMU_REFBP,Off,DFV,0V,25mA,-25mA,25mA,0ms,0nF,0Ohm,0,5ms,200us
Power,PMUVCC12,Off,DFV,0V,25mA,-25mA,25mA,0ms,0nF,0Ohm,0,5ms,200us
Power,PMUVCC3,Off,DFV,0V,25mA,-25mA,25mA,0ms,0nF,0Ohm,0,5ms,200us
Power,SIMVCC1,Off,DFV,0V,25mA,-25mA,25mA,0ms,0nF,0Ohm,0,5ms,200us
Power,SIMVCC2,Off,DFV,0V,25mA,-25mA,25mA,0ms,0nF,0Ohm,0,5ms,200us
Power,SIMVCC3,Off,DFV,0V,25mA,-25mA,25mA,0ms,0nF,0Ohm,0,5ms,200us
Power,VBAT,On,DFV,3.7V*Vcoef,BestFit,-200mA,200mA,0ms,0nF,0Ohm,0,5ms,200us
Power,VDD_PMU_AIOLDO,On,DFV,1.8V*Vcoef,BestFit,-200mA,200mA,0ms,0nF,0Ohm,0,5ms,200us
Power,VDD_PMU_CLDO,On,DFV,1.1V*Vcoef,BestFit,-200mA,200mA,0ms,0nF,0Ohm,0,5ms,200us
Power,VDD_PMU_SYSLDO,On,DFV,1.1V*Vcoef,BestFit,-200mA,200mA,0ms,0nF,0Ohm,0,5ms,200us
Power,VDDBOOST,Off,DFV,0V,25mA,-25mA,25mA,0ms,0nF,0Ohm,0,5ms,200us
Power,VDDIO,On,DFV,1.8V*Vcoef,BestFit,-200mA,200mA,0ms,0nF,0Ohm,0,5ms,200us
Power,VDDPA,Off,DFV,0V,25mA,-25mA,25mA,0ms,0nF,0Ohm,0,5ms,200us
Block,PowerBlock,MBIST_80ns_VDDL_VIHLR_VOHLR_IOHLR_CASE1
#,Signal,State,Mode,Force,Range,Clamp L,Clamp H,Clamp Delay,Decoupling,Resistance,Setup Order,Setup Delay,Trise
Power,BOOST_LX,Off,DFV,0V,25mA,-25mA,25mA,0ms,0nF,0Ohm,0,5ms,200us
Power,PMU_REFBP,Off,DFV,0V,25mA,-25mA,25mA,0ms,0nF,0Ohm,0,5ms,200us
Power,PMUVCC12,Off,DFV,0V,25mA,-25mA,25mA,0ms,0nF,0Ohm,0,5ms,200us
Power,PMUVCC3,Off,DFV,0V,25mA,-25mA,25mA,0ms,0nF,0Ohm,0,5ms,200us
Power,SIMVCC1,Off,DFV,0V,25mA,-25mA,25mA,0ms,0nF,0Ohm,0,5ms,200us
Power,SIMVCC2,Off,DFV,0V,25mA,-25mA,25mA,0ms,0nF,0Ohm,0,5ms,200us
Power,SIMVCC3,Off,DFV,0V,25mA,-25mA,25mA,0ms,0nF,0Ohm,0,5ms,200us
Power,VBAT,On,DFV,3.7V*Vcoef,BestFit,-200mA,200mA,0ms,0nF,0Ohm,0,5ms,200us
Power,VDD_PMU_AIOLDO,On,DFV,1.8*0.9V*Vcoef,BestFit,-200mA,200mA,0ms,0nF,0Ohm,0,5ms,200us
Power,VDD_PMU_CLDO,On,DFV,1.1*0.9V*Vcoef,BestFit,-200mA,200mA,0ms,0nF,0Ohm,0,5ms,200us
Power,VDD_PMU_SYSLDO,On,DFV,1.1*0.9V*Vcoef,BestFit,-200mA,200mA,0ms,0nF,0Ohm,0,5ms,200us
Power,VDDBOOST,Off,DFV,0V,25mA,-25mA,25mA,0ms,0nF,0Ohm,0,5ms,200us
Power,VDDIO,On,DFV,1.8*0.9V*Vcoef,BestFit,-200mA,200mA,0ms,0nF,0Ohm,0,5ms,200us
Power,VDDPA,Off,DFV,0V,25mA,-25mA,25mA,0ms,0nF,0Ohm,0,5ms,200us
Block,PowerBlock,DC_VDDL_VIHLS_VOHLR_IOHLR
#,Signal,State,Mode,Force,Range,Clamp L,Clamp H,Clamp Delay,Decoupling,Resistance,Setup Order,Setup Delay,Trise
Power,BOOST_LX,Off,DFV,0V,25mA,-25mA,25mA,0ms,0nF,0Ohm,0,5ms,200us
Power,PMU_REFBP,Off,DFV,0V,25mA,-25mA,25mA,0ms,0nF,0Ohm,0,5ms,200us
Power,PMUVCC12,Off,DFV,0V,25mA,-25mA,25mA,0ms,0nF,0Ohm,0,5ms,200us
Power,PMUVCC3,Off,DFV,0V,25mA,-25mA,25mA,0ms,0nF,0Ohm,0,5ms,200us
Power,SIMVCC1,Off,DFV,0V,25mA,-25mA,25mA,0ms,0nF,0Ohm,0,5ms,200us
Power,SIMVCC2,Off,DFV,0V,25mA,-25mA,25mA,0ms,0nF,0Ohm,0,5ms,200us
Power,SIMVCC3,Off,DFV,0V,25mA,-25mA,25mA,0ms,0nF,0Ohm,0,5ms,200us
Power,VBAT,On,DFV,3.7V*Vcoef,BestFit,-200mA,200mA,0ms,0nF,0Ohm,0,5ms,200us
Power,VDD_PMU_AIOLDO,On,DFV,1.8*0.9V*Vcoef,BestFit,-200mA,200mA,0ms,0nF,0Ohm,0,5ms,200us
Power,VDD_PMU_CLDO,On,DFV,1.1*0.9V*Vcoef,BestFit,-200mA,200mA,0ms,0nF,0Ohm,0,5ms,200us
Power,VDD_PMU_SYSLDO,On,DFV,1.1*0.9V*Vcoef,BestFit,-200mA,200mA,0ms,0nF,0Ohm,0,5ms,200us
Power,VDDBOOST,Off,DFV,0V,25mA,-25mA,25mA,0ms,0nF,0Ohm,0,5ms,200us
Power,VDDIO,On,DFV,1.8*0.9V*Vcoef,BestFit,-200mA,200mA,0ms,0nF,0Ohm,0,5ms,200us
Power,VDDPA,Off,DFV,0V,25mA,-25mA,25mA,0ms,0nF,0Ohm,0,5ms,200us
Block,PowerBlock,DC_VDDH_VIHLS_VOHLR_IOHLR
#,Signal,State,Mode,Force,Range,Clamp L,Clamp H,Clamp Delay,Decoupling,Resistance,Setup Order,Setup Delay,Trise
Power,BOOST_LX,Off,DFV,0V,25mA,-25mA,25mA,0ms,0nF,0Ohm,0,5ms,200us
Power,PMU_REFBP,Off,DFV,0V,25mA,-25mA,25mA,0ms,0nF,0Ohm,0,5ms,200us
Power,PMUVCC12,Off,DFV,0V,25mA,-25mA,25mA,0ms,0nF,0Ohm,0,5ms,200us
Power,PMUVCC3,Off,DFV,0V,25mA,-25mA,25mA,0ms,0nF,0Ohm,0,5ms,200us
Power,SIMVCC1,Off,DFV,0V,25mA,-25mA,25mA,0ms,0nF,0Ohm,0,5ms,200us
Power,SIMVCC2,Off,DFV,0V,25mA,-25mA,25mA,0ms,0nF,0Ohm,0,5ms,200us
Power,SIMVCC3,Off,DFV,0V,25mA,-25mA,25mA,0ms,0nF,0Ohm,0,5ms,200us
Power,VBAT,On,DFV,3.7V*Vcoef,BestFit,-200mA,200mA,0ms,0nF,0Ohm,0,5ms,200us
Power,VDD_PMU_AIOLDO,On,DFV,1.8*1.1V*Vcoef,BestFit,-200mA,200mA,0ms,0nF,0Ohm,0,5ms,200us
Power,VDD_PMU_CLDO,On,DFV,1.1*1.1V*Vcoef,BestFit,-200mA,200mA,0ms,0nF,0Ohm,0,5ms,200us
Power,VDD_PMU_SYSLDO,On,DFV,1.1*1.1V*Vcoef,BestFit,-200mA,200mA,0ms,0nF,0Ohm,0,5ms,200us
Power,VDDBOOST,Off,DFV,0V,25mA,-25mA,25mA,0ms,0nF,0Ohm,0,5ms,200us
Power,VDDIO,On,DFV,1.8*1.1V*Vcoef,BestFit,-200mA,200mA,0ms,0nF,0Ohm,0,5ms,200us
Power,VDDPA,Off,DFV,0V,25mA,-25mA,25mA,0ms,0nF,0Ohm,0,5ms,200us
Block,PowerBlock,JTAG_VDDH_VIHLR_VOHLR_IOHLR
#,Signal,State,Mode,Force,Range,Clamp L,Clamp H,Clamp Delay,Decoupling,Resistance,Setup Order,Setup Delay,Trise
Power,BOOST_LX,Off,DFV,0V,25mA,-25mA,25mA,0ms,0nF,0Ohm,0,5ms,200us
Power,PMU_REFBP,Off,DFV,0V,25mA,-25mA,25mA,0ms,0nF,0Ohm,0,5ms,200us
Power,PMUVCC12,Off,DFV,0V,25mA,-25mA,25mA,0ms,0nF,0Ohm,0,5ms,200us
Power,PMUVCC3,Off,DFV,0V,25mA,-25mA,25mA,0ms,0nF,0Ohm,0,5ms,200us
Power,SIMVCC1,Off,DFV,0V,25mA,-25mA,25mA,0ms,0nF,0Ohm,0,5ms,200us
Power,SIMVCC2,Off,DFV,0V,25mA,-25mA,25mA,0ms,0nF,0Ohm,0,5ms,200us
Power,SIMVCC3,Off,DFV,0V,25mA,-25mA,25mA,0ms,0nF,0Ohm,0,5ms,200us
Power,VBAT,On,DFV,3.7V*Vcoef,BestFit,-200mA,200mA,0ms,0nF,0Ohm,0,5ms,200us
Power,VDD_PMU_AIOLDO,On,DFV,1.8*1.1V*Vcoef,BestFit,-200mA,200mA,0ms,0nF,0Ohm,0,5ms,200us
Power,VDD_PMU_CLDO,On,DFV,1.1*1.1V*Vcoef,BestFit,-200mA,200mA,0ms,0nF,0Ohm,0,5ms,200us
Power,VDD_PMU_SYSLDO,On,DFV,1.1*1.1V*Vcoef,BestFit,-200mA,200mA,0ms,0nF,0Ohm,0,5ms,200us
Power,VDDBOOST,Off,DFV,0V,25mA,-25mA,25mA,0ms,0nF,0Ohm,0,5ms,200us
Power,VDDIO,On,DFV,1.8*1.1V*Vcoef,BestFit,-200mA,200mA,0ms,0nF,0Ohm,0,5ms,200us
Power,VDDPA,Off,DFV,0V,25mA,-25mA,25mA,0ms,0nF,0Ohm,0,5ms,200us
Block,PowerBlock,LEV_FUNC_PMU_NFC
#,Signal,State,Mode,Force,Range,Clamp L,Clamp H,Clamp Delay,Decoupling,Resistance,Setup Order,Setup Delay,Trise
Power,BOOST_LX,On,DFV,BOOST_LX*Vcoef,BestFit,-800mA,800mA,0ms,0nF,0Ohm,0,5ms,200us
Power,PMU_REFBP,Off,DFV,0V,25mA,-25mA,25mA,0ms,0nF,0Ohm,0,5ms,200us
Power,PMUVCC12,On,DFV,PMUVCC12*Vcoef,BestFit,-200mA,200mA,0ms,0nF,0Ohm,0,5ms,200us
Power,PMUVCC3,Off,DFV,0V,25mA,-25mA,25mA,0ms,0nF,0Ohm,0,5ms,200us
Power,SIMVCC1,Off,DFV,0V,25mA,-25mA,25mA,0ms,0nF,0Ohm,0,5ms,200us
Power,SIMVCC2,Off,DFV,0V,25mA,-25mA,25mA,0ms,0nF,0Ohm,0,5ms,200us
Power,SIMVCC3,Off,DFV,0V,25mA,-25mA,25mA,0ms,0nF,0Ohm,0,5ms,200us
Power,VBAT,On,DFV,VBAT*Vcoef,BestFit,-200mA,200mA,0ms,0nF,0Ohm,0,5ms,200us
Power,VDD_PMU_AIOLDO,Off,DFV,0V,25mA,-25mA,25mA,0ms,0nF,0Ohm,0,5ms,200us
Power,VDD_PMU_CLDO,Off,DFV,0V,25mA,-25mA,25mA,0ms,0nF,0Ohm,0,5ms,200us
Power,VDD_PMU_SYSLDO,Off,DFV,0V,25mA,-25mA,25mA,0ms,0nF,0Ohm,0,5ms,200us
Power,VDDBOOST,Off,DFV,VDDBOOST,25mA,-25mA,25mA,0ms,0nF,0Ohm,0,5ms,200us
Power,VDDIO,On,DFV,VDDIO*Vcoef,BestFit,-200mA,200mA,0ms,0nF,0Ohm,0,5ms,200us
Power,VDDPA,Off,DFV,0V,25mA,-25mA,25mA,0ms,0nF,0Ohm,0,5ms,200us
Block,PowerBlock,CHAIN_VDDH_VIHLR_VOHLR_IOHLR
#,Signal,State,Mode,Force,Range,Clamp L,Clamp H,Clamp Delay,Decoupling,Resistance,Setup Order,Setup Delay,Trise
Power,BOOST_LX,Off,DFV,0V,25mA,-25mA,25mA,0ms,0nF,0Ohm,0,5ms,200us
Power,PMU_REFBP,Off,DFV,0V,25mA,-25mA,25mA,0ms,0nF,0Ohm,0,5ms,200us
Power,PMUVCC12,Off,DFV,0V,25mA,-25mA,25mA,0ms,0nF,0Ohm,0,5ms,200us
Power,PMUVCC3,Off,DFV,0V,25mA,-25mA,25mA,0ms,0nF,0Ohm,0,5ms,200us
Power,SIMVCC1,Off,DFV,0V,25mA,-25mA,25mA,0ms,0nF,0Ohm,0,5ms,200us
Power,SIMVCC2,Off,DFV,0V,25mA,-25mA,25mA,0ms,0nF,0Ohm,0,5ms,200us
Power,SIMVCC3,Off,DFV,0V,25mA,-25mA,25mA,0ms,0nF,0Ohm,0,5ms,200us
Power,VBAT,On,DFV,3.7V*Vcoef,BestFit,-200mA,200mA,0ms,0nF,0Ohm,0,5ms,200us
Power,VDD_PMU_AIOLDO,On,DFV,1.8*1.1V*Vcoef,BestFit,-200mA,200mA,0ms,0nF,0Ohm,0,5ms,200us
Power,VDD_PMU_CLDO,On,DFV,1.1*1.1V*Vcoef,BestFit,-200mA,200mA,0ms,0nF,0Ohm,0,5ms,200us
Power,VDD_PMU_SYSLDO,On,DFV,1.1*1.1V*Vcoef,BestFit,-200mA,200mA,0ms,0nF,0Ohm,0,5ms,200us
Power,VDDBOOST,Off,DFV,0V,25mA,-25mA,25mA,0ms,0nF,0Ohm,0,5ms,200us
Power,VDDIO,On,DFV,1.8*1.1V*Vcoef,BestFit,-200mA,200mA,0ms,0nF,0Ohm,0,5ms,200us
Power,VDDPA,Off,DFV,0V,25mA,-25mA,25mA,0ms,0nF,0Ohm,0,5ms,200us
Block,PowerBlock,JTAG_VDDL_VIHLR_VOHLR_IOHLR
#,Signal,State,Mode,Force,Range,Clamp L,Clamp H,Clamp Delay,Decoupling,Resistance,Setup Order,Setup Delay,Trise
Power,BOOST_LX,Off,DFV,0V,25mA,-25mA,25mA,0ms,0nF,0Ohm,0,5ms,200us
Power,PMU_REFBP,Off,DFV,0V,25mA,-25mA,25mA,0ms,0nF,0Ohm,0,5ms,200us
Power,PMUVCC12,Off,DFV,0V,25mA,-25mA,25mA,0ms,0nF,0Ohm,0,5ms,200us
Power,PMUVCC3,Off,DFV,0V,25mA,-25mA,25mA,0ms,0nF,0Ohm,0,5ms,200us
Power,SIMVCC1,Off,DFV,0V,25mA,-25mA,25mA,0ms,0nF,0Ohm,0,5ms,200us
Power,SIMVCC2,Off,DFV,0V,25mA,-25mA,25mA,0ms,0nF,0Ohm,0,5ms,200us
Power,SIMVCC3,Off,DFV,0V,25mA,-25mA,25mA,0ms,0nF,0Ohm,0,5ms,200us
Power,VBAT,On,DFV,3.7V*Vcoef,BestFit,-200mA,200mA,0ms,0nF,0Ohm,0,5ms,200us
Power,VDD_PMU_AIOLDO,On,DFV,1.8*0.9V*Vcoef,BestFit,-200mA,200mA,0ms,0nF,0Ohm,0,5ms,200us
Power,VDD_PMU_CLDO,On,DFV,1.1*0.9V*Vcoef,BestFit,-200mA,200mA,0ms,0nF,0Ohm,0,5ms,200us
Power,VDD_PMU_SYSLDO,On,DFV,1.1*0.9V*Vcoef,BestFit,-200mA,200mA,0ms,0nF,0Ohm,0,5ms,200us
Power,VDDBOOST,Off,DFV,0V,25mA,-25mA,25mA,0ms,0nF,0Ohm,0,5ms,200us
Power,VDDIO,On,DFV,1.8*0.9V*Vcoef,BestFit,-200mA,200mA,0ms,0nF,0Ohm,0,5ms,200us
Power,VDDPA,Off,DFV,0V,25mA,-25mA,25mA,0ms,0nF,0Ohm,0,5ms,200us
Block,PowerBlock,SA_VDDH_VIHLR_VOHLR_IOHLR
#,Signal,State,Mode,Force,Range,Clamp L,Clamp H,Clamp Delay,Decoupling,Resistance,Setup Order,Setup Delay,Trise
Power,BOOST_LX,Off,DFV,0V,25mA,-25mA,25mA,0ms,0nF,0Ohm,0,5ms,200us
Power,PMU_REFBP,Off,DFV,0V,25mA,-25mA,25mA,0ms,0nF,0Ohm,0,5ms,200us
Power,PMUVCC12,Off,DFV,0V,25mA,-25mA,25mA,0ms,0nF,0Ohm,0,5ms,200us
Power,PMUVCC3,Off,DFV,0V,25mA,-25mA,25mA,0ms,0nF,0Ohm,0,5ms,200us
Power,SIMVCC1,Off,DFV,0V,25mA,-25mA,25mA,0ms,0nF,0Ohm,0,5ms,200us
Power,SIMVCC2,Off,DFV,0V,25mA,-25mA,25mA,0ms,0nF,0Ohm,0,5ms,200us
Power,SIMVCC3,Off,DFV,0V,25mA,-25mA,25mA,0ms,0nF,0Ohm,0,5ms,200us
Power,VBAT,On,DFV,3.7V*Vcoef,BestFit,-200mA,200mA,0ms,0nF,0Ohm,0,5ms,200us
Power,VDD_PMU_AIOLDO,On,DFV,1.8*1.1V*Vcoef,BestFit,-200mA,200mA,0ms,0nF,0Ohm,0,5ms,200us
Power,VDD_PMU_CLDO,On,DFV,1.1*1.1V*Vcoef,BestFit,-200mA,200mA,0ms,0nF,0Ohm,0,5ms,200us
Power,VDD_PMU_SYSLDO,On,DFV,1.1*1.1V*Vcoef,BestFit,-200mA,200mA,0ms,0nF,0Ohm,0,5ms,200us
Power,VDDBOOST,Off,DFV,0V,25mA,-25mA,25mA,0ms,0nF,0Ohm,0,5ms,200us
Power,VDDIO,On,DFV,1.8*1.1V*Vcoef,BestFit,-200mA,200mA,0ms,0nF,0Ohm,0,5ms,200us
Power,VDDPA,Off,DFV,0V,25mA,-25mA,25mA,0ms,0nF,0Ohm,0,5ms,200us
Block,PowerBlock,CHAIN_VDDL_VIHLR_VOHLR_IOHLR
#,Signal,State,Mode,Force,Range,Clamp L,Clamp H,Clamp Delay,Decoupling,Resistance,Setup Order,Setup Delay,Trise
Power,BOOST_LX,Off,DFV,0V,25mA,-25mA,25mA,0ms,0nF,0Ohm,0,5ms,200us
Power,PMU_REFBP,Off,DFV,0V,25mA,-25mA,25mA,0ms,0nF,0Ohm,0,5ms,200us
Power,PMUVCC12,Off,DFV,0V,25mA,-25mA,25mA,0ms,0nF,0Ohm,0,5ms,200us
Power,PMUVCC3,Off,DFV,0V,25mA,-25mA,25mA,0ms,0nF,0Ohm,0,5ms,200us
Power,SIMVCC1,Off,DFV,0V,25mA,-25mA,25mA,0ms,0nF,0Ohm,0,5ms,200us
Power,SIMVCC2,Off,DFV,0V,25mA,-25mA,25mA,0ms,0nF,0Ohm,0,5ms,200us
Power,SIMVCC3,Off,DFV,0V,25mA,-25mA,25mA,0ms,0nF,0Ohm,0,5ms,200us
Power,VBAT,On,DFV,3.7V*Vcoef,BestFit,-200mA,200mA,0ms,0nF,0Ohm,0,5ms,200us
Power,VDD_PMU_AIOLDO,On,DFV,1.8*0.9V*Vcoef,BestFit,-200mA,200mA,0ms,0nF,0Ohm,0,5ms,200us
Power,VDD_PMU_CLDO,On,DFV,1.1*0.9V*Vcoef,BestFit,-200mA,200mA,0ms,0nF,0Ohm,0,5ms,200us
Power,VDD_PMU_SYSLDO,On,DFV,1.1*0.9V*Vcoef,BestFit,-200mA,200mA,0ms,0nF,0Ohm,0,5ms,200us
Power,VDDBOOST,Off,DFV,0V,25mA,-25mA,25mA,0ms,0nF,0Ohm,0,5ms,200us
Power,VDDIO,On,DFV,1.8*0.9V*Vcoef,BestFit,-200mA,200mA,0ms,0nF,0Ohm,0,5ms,200us
Power,VDDPA,Off,DFV,0V,25mA,-25mA,25mA,0ms,0nF,0Ohm,0,5ms,200us
Block,PowerBlock,TRANS_VDDH_VIHLR_VOHLR_IOHLR
#,Signal,State,Mode,Force,Range,Clamp L,Clamp H,Clamp Delay,Decoupling,Resistance,Setup Order,Setup Delay,Trise
Power,BOOST_LX,Off,DFV,0V,25mA,-25mA,25mA,0ms,0nF,0Ohm,0,5ms,200us
Power,PMU_REFBP,Off,DFV,0V,25mA,-25mA,25mA,0ms,0nF,0Ohm,0,5ms,200us
Power,PMUVCC12,Off,DFV,0V,25mA,-25mA,25mA,0ms,0nF,0Ohm,0,5ms,200us
Power,PMUVCC3,Off,DFV,0V,25mA,-25mA,25mA,0ms,0nF,0Ohm,0,5ms,200us
Power,SIMVCC1,Off,DFV,0V,25mA,-25mA,25mA,0ms,0nF,0Ohm,0,5ms,200us
Power,SIMVCC2,Off,DFV,0V,25mA,-25mA,25mA,0ms,0nF,0Ohm,0,5ms,200us
Power,SIMVCC3,Off,DFV,0V,25mA,-25mA,25mA,0ms,0nF,0Ohm,0,5ms,200us
Power,VBAT,On,DFV,3.7V*Vcoef,BestFit,-200mA,200mA,0ms,0nF,0Ohm,0,5ms,200us
Power,VDD_PMU_AIOLDO,On,DFV,1.8*1.1V*Vcoef,BestFit,-200mA,200mA,0ms,0nF,0Ohm,0,5ms,200us
Power,VDD_PMU_CLDO,On,DFV,1.1*1.1V*Vcoef,BestFit,-200mA,200mA,0ms,0nF,0Ohm,0,5ms,200us
Power,VDD_PMU_SYSLDO,On,DFV,1.1*1.1V*Vcoef,BestFit,-200mA,200mA,0ms,0nF,0Ohm,0,5ms,200us
Power,VDDBOOST,Off,DFV,0V,25mA,-25mA,25mA,0ms,0nF,0Ohm,0,5ms,200us
Power,VDDIO,On,DFV,1.8*1.1V*Vcoef,BestFit,-200mA,200mA,0ms,0nF,0Ohm,0,5ms,200us
Power,VDDPA,Off,DFV,0V,25mA,-25mA,25mA,0ms,0nF,0Ohm,0,5ms,200us
Block,PowerBlock,SA_VDDL_VIHLR_VOHLR_IOHLR
#,Signal,State,Mode,Force,Range,Clamp L,Clamp H,Clamp Delay,Decoupling,Resistance,Setup Order,Setup Delay,Trise
Power,BOOST_LX,Off,DFV,0V,25mA,-25mA,25mA,0ms,0nF,0Ohm,0,5ms,200us
Power,PMU_REFBP,Off,DFV,0V,25mA,-25mA,25mA,0ms,0nF,0Ohm,0,5ms,200us
Power,PMUVCC12,Off,DFV,0V,25mA,-25mA,25mA,0ms,0nF,0Ohm,0,5ms,200us
Power,PMUVCC3,Off,DFV,0V,25mA,-25mA,25mA,0ms,0nF,0Ohm,0,5ms,200us
Power,SIMVCC1,Off,DFV,0V,25mA,-25mA,25mA,0ms,0nF,0Ohm,0,5ms,200us
Power,SIMVCC2,Off,DFV,0V,25mA,-25mA,25mA,0ms,0nF,0Ohm,0,5ms,200us
Power,SIMVCC3,Off,DFV,0V,25mA,-25mA,25mA,0ms,0nF,0Ohm,0,5ms,200us
Power,VBAT,On,DFV,3.7V*Vcoef,BestFit,-200mA,200mA,0ms,0nF,0Ohm,0,5ms,200us
Power,VDD_PMU_AIOLDO,On,DFV,1.8*0.9V*Vcoef,BestFit,-200mA,200mA,0ms,0nF,0Ohm,0,5ms,200us
Power,VDD_PMU_CLDO,On,DFV,1.1*0.9V*Vcoef,BestFit,-200mA,200mA,0ms,0nF,0Ohm,0,5ms,200us
Power,VDD_PMU_SYSLDO,On,DFV,1.1*0.9V*Vcoef,BestFit,-200mA,200mA,0ms,0nF,0Ohm,0,5ms,200us
Power,VDDBOOST,Off,DFV,0V,25mA,-25mA,25mA,0ms,0nF,0Ohm,0,5ms,200us
Power,VDDIO,On,DFV,1.8*0.9V*Vcoef,BestFit,-200mA,200mA,0ms,0nF,0Ohm,0,5ms,200us
Power,VDDPA,Off,DFV,0V,25mA,-25mA,25mA,0ms,0nF,0Ohm,0,5ms,200us
Block,PowerBlock,VDDN_VIHLR_VOHLR_IOHLR_TIM_NFC
#,Signal,State,Mode,Force,Range,Clamp L,Clamp H,Clamp Delay,Decoupling,Resistance,Setup Order,Setup Delay,Trise
Power,BOOST_LX,On,DFV,3.6V*Vcoef,BestFit,-800mA,800mA,0ms,0nF,0Ohm,0,5ms,200us
Power,PMU_REFBP,Off,DFV,0V,25mA,-25mA,25mA,0ms,0nF,0Ohm,0,5ms,200us
Power,PMUVCC12,On,DFV,3V*Vcoef,BestFit,-200mA,200mA,0ms,0nF,0Ohm,0,5ms,200us
Power,PMUVCC3,Off,DFV,0V,25mA,-25mA,25mA,0ms,0nF,0Ohm,0,5ms,200us
Power,SIMVCC1,Off,DFV,0V,25mA,-25mA,25mA,0ms,0nF,0Ohm,0,5ms,200us
Power,SIMVCC2,Off,DFV,0V,25mA,-25mA,25mA,0ms,0nF,0Ohm,0,5ms,200us
Power,SIMVCC3,Off,DFV,0V,25mA,-25mA,25mA,0ms,0nF,0Ohm,0,5ms,200us
Power,VBAT,On,DFV,3.6V*Vcoef,BestFit,-200mA,200mA,0ms,0nF,0Ohm,0,5ms,200us
Power,VDD_PMU_AIOLDO,Off,DFV,0V,25mA,-25mA,25mA,0ms,0nF,0Ohm,0,5ms,200us
Power,VDD_PMU_CLDO,Off,DFV,0V,25mA,-25mA,25mA,0ms,0nF,0Ohm,0,5ms,200us
Power,VDD_PMU_SYSLDO,Off,DFV,0V,25mA,-25mA,25mA,0ms,0nF,0Ohm,0,5ms,200us
Power,VDDBOOST,On,DFV,5V*Vcoef,25mA,-25mA,25mA,0ms,0nF,0Ohm,0,5ms,200us
Power,VDDIO,On,DFV,1.8V*Vcoef,BestFit,-200mA,200mA,0ms,0nF,0Ohm,0,5ms,200us
Power,VDDPA,Off,DFV,0V,25mA,-25mA,25mA,0ms,0nF,0Ohm,0,5ms,200us
Block,PowerBlock,Power_OSD
#,Signal,State,Mode,Force,Range,Clamp L,Clamp H,Clamp Delay,Decoupling,Resistance,Setup Order,Setup Delay,Trise
Power,BOOST_LX,On,DFV,0.1V,1A,-1.8A,3A,0,0nF,0Ohm,0,0,200us
Power,PMU_REFBP,On,DFV,0.1V,1A,-0.6A,1A,0,0nF,0Ohm,0,10ms,200us
Power,PMUVCC12,On,DFV,0.1V,1A,-0.6A,1A,0,0nF,0Ohm,0,0,200us
Power,PMUVCC3,On,DFV,0.1V,1A,-0.6A,1A,0,0nF,0Ohm,0,0,200us
Power,SIMVCC1,On,DFV,0.1V,1A,-0.6A,1A,0,0nF,0Ohm,0,0,200us
Power,SIMVCC2,On,DFV,0.1V,1A,-0.6A,1A,0,0nF,0Ohm,0,0,200us
Power,SIMVCC3,On,DFV,0.1V,1A,-0.6A,1A,0,0nF,0Ohm,0,0,200us
Power,VBAT,On,DFV,0.1V,1A,-0.6A,1A,0,0nF,0Ohm,0,0,200us
Power,VDD_PMU_AIOLDO,On,DFV,0.1V,1A,-0.6A,1A,0,0nF,0Ohm,0,0,200us
Power,VDD_PMU_CLDO,On,DFV,0.1V,1A,-0.6A,1A,0,0nF,0Ohm,0,0,200us
Power,VDD_PMU_SYSLDO,On,DFV,0.1V,1A,-0.6A,1A,0,0nF,0Ohm,0,0,200us
Power,VDDBOOST,On,DFV,0.1V,1A,-0.6A,1A,0,0nF,0Ohm,0,0,200us
Power,VDDIO,On,DFV,0.1V,1A,-0.6A,1A,0,0nF,0Ohm,0,0,200us
Power,VDDPA,On,DFV,0.1V,1A,-0.6A,1A,0,0nF,0Ohm,0,0,200us
Block,PowerBlock,power_short
#,Signal,State,Mode,Force,Range,Clamp L,Clamp H,Clamp Delay,Decoupling,Resistance,Setup Order,Setup Delay,Trise
Power,BOOST_LX,On,DFV,0.1V*Vcoef,250uA,-100uA*3,100uA*3,0,0nF,0Ohm,0,0,200us
Power,PMU_REFBP,On,DFV,0.1V,250uA,-100uA,100uA,0,0nF,0Ohm,0,0,200us
Power,PMUVCC12,On,DFV,0.1V,250uA,-100uA,100uA,0,0nF,0Ohm,0,0,200us
Power,PMUVCC3,On,DFV,0.1V,250uA,-100uA,100uA,0,0nF,0Ohm,0,0,200us
Power,SIMVCC1,On,DFV,0.1V,250uA,-100uA,100uA,0,0nF,0Ohm,0,0,200us
Power,SIMVCC2,On,DFV,0.1V,250uA,-100uA,100uA,0,0nF,0Ohm,0,0,200us
Power,SIMVCC3,On,DFV,0.1V,250uA,-100uA,100uA,0,0nF,0Ohm,0,0,200us
Power,VBAT,On,DFV,0.1V,250uA,-100uA,100uA,0,0nF,0Ohm,0,0,200us
Power,VDD_PMU_AIOLDO,On,DFV,0.1V,250uA,-100uA,100uA,0,0nF,0Ohm,0,0,200us
Power,VDD_PMU_CLDO,On,DFV,0.1V,250uA,-100uA,100uA,0,0nF,0Ohm,0,0,200us
Power,VDD_PMU_SYSLDO,On,DFV,0.1V,250uA,-100uA,100uA,0,0nF,0Ohm,0,0,200us
Power,VDDBOOST,On,DFV,0.1V,250uA,-100uA,100uA,0,0nF,0Ohm,0,0,200us
Power,VDDIO,On,DFV,0.1V,250uA,-100uA,100uA,0,0nF,0Ohm,0,0,200us
Power,VDDPA,On,DFV,0.1V,250uA,-100uA,100uA,0,0nF,0Ohm,0,0,200us
Block,PowerBlock,VDDH_VIHLR_VOHLR_IOHLR_TIM_NFC
#,Signal,State,Mode,Force,Range,Clamp L,Clamp H,Clamp Delay,Decoupling,Resistance,Setup Order,Setup Delay,Trise
Power,BOOST_LX,On,DFV,4.8V*Vcoef,BestFit,-800mA,800mA,0ms,0nF,0Ohm,0,5ms,200us
Power,PMU_REFBP,Off,DFV,0V,25mA,-25mA,25mA,0ms,0nF,0Ohm,0,5ms,200us
Power,PMUVCC12,On,DFV,3V*Vcoef,BestFit,-200mA,200mA,0ms,0nF,0Ohm,0,5ms,200us
Power,PMUVCC3,Off,DFV,0V,25mA,-25mA,25mA,0ms,0nF,0Ohm,0,5ms,200us
Power,SIMVCC1,Off,DFV,0V,25mA,-25mA,25mA,0ms,0nF,0Ohm,0,5ms,200us
Power,SIMVCC2,Off,DFV,0V,25mA,-25mA,25mA,0ms,0nF,0Ohm,0,5ms,200us
Power,SIMVCC3,Off,DFV,0V,25mA,-25mA,25mA,0ms,0nF,0Ohm,0,5ms,200us
Power,VBAT,On,DFV,4.8V*Vcoef,BestFit,-200mA,200mA,0ms,0nF,0Ohm,0,5ms,200us
Power,VDD_PMU_AIOLDO,Off,DFV,0V,25mA,-25mA,25mA,0ms,0nF,0Ohm,0,5ms,200us
Power,VDD_PMU_CLDO,Off,DFV,0V,25mA,-25mA,25mA,0ms,0nF,0Ohm,0,5ms,200us
Power,VDD_PMU_SYSLDO,Off,DFV,0V,25mA,-25mA,25mA,0ms,0nF,0Ohm,0,5ms,200us
Power,VDDBOOST,On,DFV,5V*Vcoef,25mA,-25mA,25mA,0ms,0nF,0Ohm,0,5ms,200us
Power,VDDIO,On,DFV,1.98V*Vcoef,BestFit,-200mA,200mA,0ms,0nF,0Ohm,0,5ms,200us
Power,VDDPA,Off,DFV,0V,25mA,-25mA,25mA,0ms,0nF,0Ohm,0,5ms,200us
Block,PowerBlock,Power_OFF
#,Signal,State,Mode,Force,Range,Clamp L,Clamp H,Clamp Delay,Decoupling,Resistance,Setup Order,Setup Delay,Trise
Power,BOOST_LX,Off,DFV,0V,25mA,-25mA,25mA,0,0nF,0Ohm,0,0,200us
Power,PMU_REFBP,Off,DFV,0V,25mA,-25mA,25mA,0,0nF,0Ohm,0,0.005,200us
Power,PMUVCC12,Off,DFV,0V,25mA,-25mA,25mA,0,0nF,0Ohm,0,0,200us
Power,PMUVCC3,Off,DFV,0V,25mA,-25mA,25mA,0,0nF,0Ohm,0,0,200us
Power,SIMVCC1,Off,DFV,0V,25mA,-25mA,25mA,0,0nF,0Ohm,0,0,200us
Power,SIMVCC2,Off,DFV,0V,25mA,-25mA,25mA,0,0nF,0Ohm,0,0,200us
Power,SIMVCC3,Off,DFV,0V,25mA,-25mA,25mA,0,0nF,0Ohm,0,0,200us
Power,VBAT,Off,DFV,0V,25mA,-25mA,25mA,0,0nF,0Ohm,0,0,200us
Power,VDD_PMU_AIOLDO,Off,DFV,0V,25mA,-25mA,25mA,0,0nF,0Ohm,0,0,200us
Power,VDD_PMU_CLDO,Off,DFV,0V,25mA,-25mA,25mA,0,0nF,0Ohm,0,0,200us
Power,VDD_PMU_SYSLDO,Off,DFV,0V,25mA,-25mA,25mA,0,0nF,0Ohm,0,0,200us
Power,VDDBOOST,Off,DFV,0V,25mA,-25mA,25mA,0,0nF,0Ohm,0,0,200us
Power,VDDIO,Off,DFV,0V,25mA,-25mA,25mA,0,0nF,0Ohm,0,0,200us
Power,VDDPA,Off,DFV,0V,25mA,-25mA,25mA,0,0nF,0Ohm,0,0,200us
Block,PowerBlock,VDDL_VIHLR_VOHLR_IOHLR_TIM_NFC
#,Signal,State,Mode,Force,Range,Clamp L,Clamp H,Clamp Delay,Decoupling,Resistance,Setup Order,Setup Delay,Trise
Power,BOOST_LX,On,DFV,2.8V*Vcoef,BestFit,-800mA,800mA,0ms,0nF,0Ohm,0,5ms,200us
Power,PMU_REFBP,Off,DFV,0V,25mA,-25mA,25mA,0ms,0nF,0Ohm,0,5ms,200us
Power,PMUVCC12,On,DFV,3V*Vcoef,BestFit,-200mA,200mA,0ms,0nF,0Ohm,0,5ms,200us
Power,PMUVCC3,Off,DFV,0V,25mA,-25mA,25mA,0ms,0nF,0Ohm,0,5ms,200us
Power,SIMVCC1,Off,DFV,0V,25mA,-25mA,25mA,0ms,0nF,0Ohm,0,5ms,200us
Power,SIMVCC2,Off,DFV,0V,25mA,-25mA,25mA,0ms,0nF,0Ohm,0,5ms,200us
Power,SIMVCC3,Off,DFV,0V,25mA,-25mA,25mA,0ms,0nF,0Ohm,0,5ms,200us
Power,VBAT,On,DFV,2.8V*Vcoef,BestFit,-200mA,200mA,0ms,0nF,0Ohm,0,5ms,200us
Power,VDD_PMU_AIOLDO,Off,DFV,0V,25mA,-25mA,25mA,0ms,0nF,0Ohm,0,5ms,200us
Power,VDD_PMU_CLDO,Off,DFV,0V,25mA,-25mA,25mA,0ms,0nF,0Ohm,0,5ms,200us
Power,VDD_PMU_SYSLDO,Off,DFV,0V,25mA,-25mA,25mA,0ms,0nF,0Ohm,0,5ms,200us
Power,VDDBOOST,On,DFV,0V*Vcoef,25mA,-25mA,25mA,0ms,0nF,0Ohm,0,5ms,200us
Power,VDDIO,On,DFV,1.8*0.9V*Vcoef,BestFit,-200mA,200mA,0ms,0nF,0Ohm,0,5ms,200us
Power,VDDPA,Off,DFV,0V,25mA,-25mA,25mA,0ms,0nF,0Ohm,0,5ms,200us
Block,PowerBlock,DFT_MODE_VDDN_VIHLR_VOHLR_IOHLR
#,Signal,State,Mode,Force,Range,Clamp L,Clamp H,Clamp Delay,Decoupling,Resistance,Setup Order,Setup Delay,Trise
Power,BOOST_LX,Off,RAMP,3.6V*Vcoef,BestFit,-600mA,600mA,0ms,0nF,0Ohm,0,5ms,200us
Power,PMU_REFBP,Off,DFV,0V,25mA,-25mA,25mA,0ms,0nF,0Ohm,0,5ms,200us
Power,PMUVCC12,On,DFV,3V*Vcoef,BestFit,-200mA,200mA,0ms,0nF,0Ohm,0,5ms,200us
Power,PMUVCC3,Off,DFV,0V,25mA,-25mA,25mA,0ms,0nF,0Ohm,0,5ms,200us
Power,SIMVCC1,Off,DFV,0V,25mA,-25mA,25mA,0ms,0nF,0Ohm,0,5ms,200us
Power,SIMVCC2,Off,DFV,0V,25mA,-25mA,25mA,0ms,0nF,0Ohm,0,5ms,200us
Power,SIMVCC3,Off,DFV,0V,25mA,-25mA,25mA,0ms,0nF,0Ohm,0,5ms,200us
Power,VBAT,On,DFV,3.7V*Vcoef,BestFit,-200mA,200mA,0ms,0nF,0Ohm,0,5ms,200us
Power,VDD_PMU_AIOLDO,On,DFV,1.8V*Vcoef,BestFit,-200mA,200mA,0ms,0nF,0Ohm,0,5ms,200us
Power,VDD_PMU_CLDO,On,DFV,1.1V*Vcoef,BestFit,-200mA,200mA,0ms,0nF,0Ohm,0,5ms,200us
Power,VDD_PMU_SYSLDO,On,DFV,1.1V*Vcoef,BestFit,-200mA,200mA,0ms,0nF,0Ohm,0,5ms,200us
Power,VDDBOOST,Off,DFV,0V*Vcoef,25mA,-25mA,25mA,0ms,0nF,0Ohm,0,5ms,200us
Power,VDDIO,On,DFV,1.8V*Vcoef,BestFit,-200mA,200mA,0ms,0nF,0Ohm,0,5ms,200us
Power,VDDPA,Off,DFV,0V,25mA,-25mA,25mA,0ms,0nF,0Ohm,0,5ms,200us
Block,PowerBlock,DFT_MODE_STEP1
#,Signal,State,Mode,Force,Range,Clamp L,Clamp H,Clamp Delay,Decoupling,Resistance,Setup Order,Setup Delay,Trise
Power,BOOST_LX,On,DFV,3.6V*Vcoef,BestFit,-600mA,600mA,0ms,0nF,0Ohm,0,5ms,200us
Power,PMU_REFBP,Off,DFV,0V,25mA,-25mA,25mA,0ms,0nF,0Ohm,0,5ms,200us
Power,PMUVCC12,On,DFV,3V*Vcoef,BestFit,-200mA,200mA,0ms,0nF,0Ohm,0,5ms,200us
Power,PMUVCC3,Off,DFV,0V,25mA,-25mA,25mA,0ms,0nF,0Ohm,0,5ms,200us
Power,SIMVCC1,Off,DFV,0V,25mA,-25mA,25mA,0ms,0nF,0Ohm,0,5ms,200us
Power,SIMVCC2,Off,DFV,0V,25mA,-25mA,25mA,0ms,0nF,0Ohm,0,5ms,200us
Power,SIMVCC3,Off,DFV,0V,25mA,-25mA,25mA,0ms,0nF,0Ohm,0,5ms,200us
Power,VBAT,On,DFV,3.6V*Vcoef,BestFit,-200mA,200mA,0ms,0nF,0Ohm,0,5ms,200us
Power,VDD_PMU_AIOLDO,Off,DFV,0V,25mA,-25mA,25mA,0ms,0nF,0Ohm,0,5ms,200us
Power,VDD_PMU_CLDO,Off,DFV,0V,25mA,-25mA,25mA,0ms,0nF,0Ohm,0,5ms,200us
Power,VDD_PMU_SYSLDO,Off,DFV,0V,25mA,-25mA,25mA,0ms,0nF,0Ohm,0,5ms,200us
Power,VDDBOOST,On,DFV,0V*Vcoef,BestFit,-200mA,200mA,0ms,0nF,0Ohm,0,5ms,200us
Power,VDDIO,On,DFV,1.8V*Vcoef,BestFit,-200mA,200mA,0ms,0nF,0Ohm,0,5ms,200us
Power,VDDPA,Off,DFV,0V,25mA,-25mA,25mA,0ms,0nF,0Ohm,0,5ms,200us
